{
  "annotations": {
    "list": [
      {
        "builtIn": 1,
        "datasource": "-- Grafana --",
        "enable": true,
        "hide": true,
        "iconColor": "rgba(0, 211, 255, 1)",
        "name": "Annotations & Alerts",
        "type": "dashboard"
      }
    ]
  },
  "editable": true,
  "gnetId": null,
  "graphTooltip": 0,
  "id": 623,
  "iteration": 1633450893298,
  "links": [
    {
      "asDropdown": true,
      "icon": "external link",
      "keepTime": true,
      "tags": [
        "Thingworx"
      ],
      "title": "Dashboards",
      "type": "dashboards"
    }
  ],
  "panels": [
    {
      "aliasColors": {},
      "bars": false,
      "dashLength": 10,
      "dashes": false,
      "datasource": "Prometheus",
      "description": "",
      "fieldConfig": {
        "defaults": {
          "custom": {},
          "links": []
        },
        "overrides": []
      },
      "fill": 0,
      "fillGradient": 0,
      "gridPos": {
        "h": 29,
        "w": 24,
        "x": 0,
        "y": 0
      },
      "hiddenSeries": false,
      "id": 2,
      "legend": {
        "alignAsTable": true,
        "avg": true,
        "current": true,
        "max": true,
        "min": true,
        "rightSide": false,
        "show": true,
        "sort": "current",
        "sortDesc": true,
        "total": false,
        "values": true
      },
      "lines": true,
      "linewidth": 1,
      "nullPointMode": "null",
      "options": {
        "alertThreshold": true
      },
      "percentage": false,
      "pluginVersion": "7.4.3",
      "pointradius": 2,
      "points": false,
      "renderer": "flot",
      "seriesOverrides": [
        {
          "$$hashKey": "object:2387",
          "alias": "/allocated/i",
          "color": "#FF9830",
          "dashLength": 2,
          "dashes": true,
          "linewidth": 2
        },
        {
          "$$hashKey": "object:2388",
          "alias": "POD limit",
          "color": "#F2495C",
          "dashes": true,
          "linewidth": 2
        },
        {
          "$$hashKey": "object:2791",
          "alias": "POD request",
          "color": "#FADE2A",
          "dashes": true,
          "linewidth": 2
        },
        {
          "$$hashKey": "object:139",
          "alias": "/use/i",
          "color": "#37872D",
          "fill": 1
        },
        {
          "$$hashKey": "object:230",
          "alias": "/container usage/i",
          "color": "#5794F2"
        }
      ],
      "spaceLength": 10,
      "stack": false,
      "steppedLine": false,
      "targets": [
        {
          "expr": "max(thingworx_PlatformSubsystem_totalMemoryAllocated{namespace=\"$namespace\",pod=\"$pod\",job!~\".*-headless\"}) by (platformid)",
          "interval": "",
          "legendFormat": "Platform Memory Allocated {{platformid}}",
          "refId": "A"
        },
        {
          "expr": "max(thingworx_PlatformSubsystem_memoryInUse{namespace=\"$namespace\",pod=\"$pod\",job!~\".*-headless\"}) by (platformid)",
          "interval": "",
          "legendFormat": "Platform Memory in Use {{platformid}}",
          "refId": "B"
        },
        {
          "expr": "sum(kube_pod_container_resource_requests_memory_bytes{namespace=\"$namespace\", pod=\"$pod\"})",
          "hide": false,
          "interval": "",
          "legendFormat": "POD request",
          "refId": "C"
        },
        {
          "expr": "sum(kube_pod_container_resource_limits_memory_bytes{namespace=\"$namespace\", pod=\"$pod\"})",
          "hide": false,
          "interval": "",
          "legendFormat": "POD limit",
          "refId": "D"
        },
        {
          "expr": "sum(container_memory_working_set_bytes{namespace=\"$namespace\", pod=\"$pod\", container!=\"POD\", container!=\"\", image!=\"\"}) by (container)",
          "hide": false,
          "interval": "",
          "legendFormat": "{{container}} Container Usage",
          "refId": "E"
        }
      ],
      "thresholds": [],
      "timeFrom": null,
      "timeRegions": [],
      "timeShift": null,
      "title": "Memory Usage",
      "tooltip": {
        "shared": true,
        "sort": 2,
        "value_type": "individual"
      },
      "type": "graph",
      "xaxis": {
        "buckets": null,
        "mode": "time",
        "name": null,
        "show": true,
        "values": []
      },
      "yaxes": [
        {
          "$$hashKey": "object:2371",
          "format": "bytes",
          "label": null,
          "logBase": 1,
          "max": null,
          "min": null,
          "show": true
        },
        {
          "$$hashKey": "object:2372",
          "format": "short",
          "label": null,
          "logBase": 1,
          "max": null,
          "min": null,
          "show": false
        }
      ],
      "yaxis": {
        "align": false,
        "alignLevel": null
      }
    }
  ],
  "refresh": false,
  "schemaVersion": 27,
  "style": "dark",
  "tags": [],
  "templating": {
    "list": [
      {
        "allValue": null,
        "datasource": null,
        "definition": "label_values(kube_pod_info, namespace)",
        "description": "",
        "error": null,
        "hide": 0,
        "includeAll": false,
        "label": null,
        "multi": false,
        "name": "namespace",
        "options": [],
        "query": {
          "query": "label_values(kube_pod_info, namespace)",
          "refId": "StandardVariableQuery"
        },
        "refresh": 2,
        "regex": "",
        "skipUrlSync": false,
        "sort": 5,
        "tagValuesQuery": "",
        "tags": [],
        "tagsQuery": "",
        "type": "query",
        "useTags": false
      },
      {
        "allValue": null,
        "datasource": null,
        "definition": "label_values(thingworx_PlatformSubsystem_memoryInUse{namespace=\"$namespace\"}, pod)",
        "description": null,
        "error": null,
        "hide": 0,
        "includeAll": false,
        "label": null,
        "multi": false,
        "name": "pod",
        "options": [
          {
            "selected": true,
            "text": "tw-911-thingworx-0",
            "value": "tw-911-thingworx-0"
          }
        ],
        "query": {
          "query": "label_values(thingworx_PlatformSubsystem_memoryInUse{namespace=\"$namespace\"}, pod)",
          "refId": "StandardVariableQuery"
        },
        "refresh": 0,
        "regex": "",
        "skipUrlSync": false,
        "sort": 0,
        "tagValuesQuery": "",
        "tags": [],
        "tagsQuery": "",
        "type": "query",
        "useTags": false
      }
    ]
  },
  "time": {
    "from": "now-12h",
    "to": "now"
  },
  "timepicker": {},
  "timezone": "",
  "title": "Thingworx / Example Memory Usage",
  "uid": "AxgfSKv7ka",
  "version": 27
}
